1507571288.9683,6666,wwwwwww
1507571321.7608,Вася,тест
1507571620.0855,qqq,assddff
1507571728.374,user2,test
1507571891.1329,user2,Привет
1507576231.7976,Petya,uddfdslml;nvdsk
1507576298.016,Petya,jklfjkjkldjfgdfg
1507576416.8311,Petya,lkj;lj;ojpjpojp
1507576492.5009,Petya,;lm;ojo;j;
1507576612.0847,Petya,fgfdgfgdfgfjghjhgjyyt
1507576650.4645,Petya,666
1507576672.4654,Petya,111
1507576740.6799,Gogi,f gfnlnlhn
1507576895.6296,Gogi,hghdgfhdh
1507576915.7245,Gogi,yyytttt
1507577050.6183,Gogi,vghvghvhgv
1507577327.8874,Gogi,nkblbilblb
1507577407.3029,Gogi,knklnlkn
1507577437.9199,fedya,bhjbj
1507577443.2075,fedya,nlknlnl
1507577655.8418,fedya,fgghyyy
1507577727.8463,fedya,444
1507578011.0452,kolya,nkjnkjnkj
1507578037.1376,kolya,jjlkjlkjlkj
1507578222.7603,kolya,hgfhgfh
1507579021.1858,yujy,hbhjbjbjb
1507579039.2118,yujy,jkknkn
